item_name,item_price
Ketchup Flavored Lattice Potato Chips,$3.49
Peach Flavored Glaze,$2.99
Simit Turkish Sesame Bread,$3.49
Sliced Calabrese Uncrued Salami,$3.49
Protein Pancakes,$3.79
Goat Cheese & Caramelized Onion Ravioli,$3.99
Gluten Free Cranberry Raisin Toasts,$4.99
100% Pomegranate Juice,$1.69
Crispy Garlic,$3.29
Vanilla Non-Dairy Frozen Dessert,$4.29
Vanilla Bean Whipped Sweet Potatoes,$5.99
Chicken Lettuce Wraps,$5.99
Homestyle Cherry Pistachio Pecan Granola,$4.99
Thailand Mae Kha Jan Chiang Rai Small Lot Coffee,$9.99
Pumpkin & Spice Brioche Style Liège Waffles,$4.49
Glazed Pumpkin Pie Spice Donut Holes,$3.49
Honey Hydration Bath Fizzer,$4.99
Mini Chicken Tacos,$5.99
Turkish Inspired Stuffed Eggplant,$7.99
Loaded Mashed Potatoes,$5.99
Sliced Peppered Uncured Salami,$6.99
Organic Sweet Cream Creamer,$2.99
Organic Milk A2/A2,$5.99
McLelland Vintage Scottish Cheddar,$5.49
Fall Scented Candle Trio,$9.99
Bow Wow and Meow Tillandsia Planter,$5.99
Honeydew Cold Pressed Juice,$3.49
Creamy Mac & Cheese,$4.99
Cocoa Truffles with Maple Sugar,$4.49
Maple Brown Butter Almonds,$3.99
Autumn Mixed Pumpkins,$8.99
Kettle Cooked Rosemary & Sea Salt Potato Chips,$2.99
Grand Reserve Cabernet Sauvignon Napa Valley 2021 Lot #139,$12.99
Thai Style Red Curry Soup,$4.99
Harvest Vegetable Hash Egg White Bites,$3.79
Pumpkins Sugar Cookie Dough,$3.99
Dotty Micro Poms Bunch,$4.99
Big Bunch Chrysanthemum,$4.99
Jumbo Mum Balls,$4.99
Maple and Sweet Potato Flavored Sandwich Cookies for Dogs,$2.99
Honey Hydration Face Mask,$7.99
Cinnamon Roll Flavored Lip Mask,$5.99
Furikake Snack Mix,$3.99
Chocolate Whipped Light Cream,$4.49
Ready to Use Espresso Coffee,$9.99
Fresh Fennel,$3.49
Wild Alaskan Sockeye Salmon Fillets,$14.99
Apple Pie Spread,$3.99
Rustic Apple Tarte,$5.99
Maple Leaf Ice Cream Sandwiches,$3.99
Butternut Squash Risotto,$4.49
Buffalo Blue Unexpected Cheddar Cheese Spread,$4.99
Jack of All Flavors,$7.99
Apizza Gouda Cheese,$12.99
Harvest Chocolate Collection,$5.49
Pecan Pumpkin Oatmeal,$3.79
Trader Joe's This Pumpkin Walks Into A Bar... Cereal Bars,$2.49
Pumpkin Spice Espresso Martini,$9.99
Pumpkin Spice Mini Sheet Cake,$5.99
Juicy Apple Gummy Candy,$2.49
Sliced Apple Cinnamon Sourdough Bread,$4.99
Trimmed Leeks,$2.99
Mini Can Foliage,$4.99
3 Cheese Pasta with Eggplant,$4.49
Antipasto Stick Prosciutto Wrapped Mozzarella Cheese,$1.99
Freeze Dried Strawberry Pieces,$4.99
Crustless Peanut Butter & Strawberry Jam Sandwiches,$3.79
Antipasto Stick Salami & Pepper Jack Cheese,$1.99
Hazelnut & Cocoa Filled Crepes,$3.99
Chicken Broth Concentrate,$3.99
Tropical Smoothie Blend,$3.99
Spaghetti with Meat & Sauce,$4.49
3 Cheese Spinach & Artichoke Pasta,$3.79
Mini Sonora Style Tortillas,$1.99
Corn & Wheat Tortillas,$1.99
Cinnamon Buns,$5.99
"All Natural Frenched, Bone-In, Center-Cut Pork Loin Chops",$7.99
Organic Low Sodium Vegetable Broth,$1.99
Pumpkin Cream Cheese Spread,$2.79
Organic Black Pepper Barilotti Pasta,$2.99
Crunchy Sesame Sunflower Seeds Pepitas Salsa Macha,$4.49
Mini Cinnamon Sugar Cookies,$0.99
Dark Chocolate Covered Cashews,$4.99
Small Phalaenopsis Orchid in Ceramic,$10.99
Premium Jumbo Orchid in Ceramic,$19.99
Medium Phalaenopsis Orchid in Ceramic,$14.99
White Phalaenopsis Orchid in Ceramic,$14.99
Compass Bridge Sonoma County Chardonnay 2023,$8.99
Compass Bridge Sonoma County Pinot Noir 2023,$9.99
Compass Bridge Sonoma County Cabernet Sauvignon 2023,$9.99
Maison Barboulot Chardonnay-Viognier 2024,$5.99
Steamed & Peeled Baby Beets,$2.29
Sugar Sweet Melon,$3.49
Saturn Peaches,$3.99
Chicken & Apple Recipe Sausage Style Dog Treats,$2.99
Honey Mango Moisturizing Cream Shave,$4.49
Organic Ranch Dressing,$2.99
Organic Apple Strawberry Fruit Sauce Crushers,$2.99
Uncured Pepperoni Pizza,$5.99
Vanilla Flavored Cold Foam Creamer,$4.49
Chocolate Vanilla Creme Joe-Joe's 4 pk,$0.79
Vanilla Hold the Cone! Mini Ice Cream Cones,$3.99
Strawberry Ice Cream,$3.79
Fruit Jellies Candy,$1.99
Crunchy Milk Chocolate & Sea Salt Thins,$3.49
Frosted Flakes Cereal,$2.49
Organic Corn Flakes Cereal,$2.79
Fresh Mozzarella Cheese Log,$6.49
Popcorn In a Pickle,$2.29
Mandarin Orange Chicken,$5.49
Carnival Fun Cake Fries,$4.99
All the Things Cookies,$4.49
A Gaggle of Gummy Candy,$3.79
Ode to the Classic Potato Chip,$2.99
Sparkling Tangerine Vanilla Water,$3.79
Fried Shallots,$2.49
Mini Pretzel Twists,$2.69
Korean Japchae Fried Rice,$3.99
Watermelon Freeze Dried Candies,$3.99
Fruitful Medley,$3.99
Organic Baby Red Butter Lettuce & Baby Arugula,$2.49
Fair Trade Turbinado Raw Cane Sugar,$3.49
Mango Pineapple Pico de Gallo Salsa,$3.99
Chocolate Croissants,$3.49
Sunshine Mountain Vineyard Pinot Noir 2023,$14.99
Strawberries & Cream Cloud Cake,$6.49
Cold Brew Coffee,$3.29
Hot Honey Fudge,$2.99
Freeze-Dried Just Salmon with Skin for Pets,$5.49
Seasoned Lamb Shoulder Rack,$11.99
Unexpected Broccoli Cheddar Soup,$4.99
Risotto Semplice,$3.99
Greek YogurtHoney Made with Whole Milk,$0.99
Greek Lowfat Yogurt Plain,$2.99
Korean Style Bibim-Guksu,$4.99
Ranch Cottage Cheese Dip,$3.99
Sandwich Starters,$3.49
Glow Anywhere Sun Care Set,$14.99
Single Origin 72% Cacao Dark Chocolate,$2.49
Flatbread,$2.99
French Galettes Butter Cookies,$3.49
Organic Silken Tofu,$2.49
Spicy Dynamite Sauce,$2.99
Coffee Lover's Espresso Beans,$1.49
Cilantro Salad Dressing,$3.99
Meatball Calzone,$6.99
Organic Sour Apple Watermelon Fruit Leather Wrap,$0.49
Spicy Mango Habanero Guacamole,$3.49
Roasted Tomato Labneh Dip,$3.49
Cinnamon Swirl Bread Sliced,$4.99
Parsley Crackers,$1.49
Sparkling Tea & Lemonade,$1.99
Pretzel Buns,$2.99
Potato Buns,$3.49
Diamond Reserve Cabernet Sauvignon Napa Valley 2023,$19.99
Copilot Pinot Noir 2023,$7.99
Copilot Chardonnay 2023,$7.99
Seedless Lemons,$2.99
Organic Ground Turmeric,$1.99
Lemon Basil Pasta Salad,$4.99
Solid Light Yellowfin Tuna iin Extra Virgin Olive Oil,$2.49
Sweet & Spicy Rice Cracker Mix,$2.49
Organic Tofu,$2.49
Hass Avocado,$1.29
Buffalo Ranch Popcorn,$2.99
Margherita Pizza,$4.79
Roasted Green Vegetables,$4.99
Fiesta Salad with Shrimp,$6.99
Sour Strawberry Candy Belts,$3.49
Organic Margarita Mix,$3.99
Peony Scented Bath Fizzer,$4.99
Berry Glow Body Set,$12.99
Invisible Gel Body Sunscreen SPF 40,$12.99
Daily Facial Mineral Sunscreen SPF 40,$12.99
Okonomiyaki Japanese Vegetable Pancake,$4.99
Japanese Mini Taiyaki,$4.99
"Sweet, Spicy & Tart Chile Lime Flavored Seasoned Dried Strawberries",$3.99
Balsamic Vinaigrette,$2.79
Cinsault Rosé Maison Barboulot,$5.99
Emma Reichart Rosé Pinot Noir,$5.99
Pineapple Teriyaki Chicken Meatballs,$4.29
Night Cream,$9.99
Mini Pastel Canvas Tote Bags,$2.99
BBQ Chicken Pizza,$5.49
Golden Rounds Crackers,$2.99
Cambozola® Triple Cream Cheese,$13.99
Sharp Cheddar Cheese Cracker Cuts,$3.99
Raisin Rosemary Crisps,$3.99
Tom Yum Seasoned Snack Mix,$3.79
Gold Aceto Balsamico Di Modena,$4.99
Balsamic Vinegar of Modena,$2.49
Seasonal Bouquet,$10.99
Strawberry Mochi,$4.99
Spanish Inspired Charcuteria,$5.99
Energy Bar Peanut Butter,$1.19
Caro Sugo Italian Tomato Basil Pasta Sauce,$4.99
Energy Bar Chocolate Chip,$1.19
Organic Fruit Punch Juice Beverage,$3.99
Chevre with Fine Herbs,$3.29
Hardywood® Dark Chocolate Peanut Butter Porter,$3.75
Crispy Crunchy Chocolate Chip Cookies,$5.99
Dark Chocolate Covered Powerberries,$4.99
Fruity Gummy Candies,$1.99
Aussie-Style Chocolate Crème Sandwich Cookies,$3.29
Oakwood Smoked Trout Fillet,$16.99
Shrimp Noodle Rolls,$3.99
Organic Fruit & Vegetable Wash,$3.99
Blood Orange Mochi,$4.99
Organic Avocados 4 count,$4.99
Avocados 4 count,$3.99
Chicken Chile Verde Burritos,$3.99
Crispy Oatmeal Cookies with Sea Salt,$3.99
Chocolate Coffee Flavored Granola,$3.99
Avocado Mash,$3.49
Unsalted Dry Toasted Sliced Almonds,$3.49
Parmigiano Reggiano Stravecchio,$17.99
"Beef, Bean & Cheese Burrito",$4.49
Sunscreen Lip Balm SPF 30,$2.99
Easy Bouquet Wrap,$1.49
Shredded Potato Hash Browns,$2.49
Yellow Mini Sheet Cake,$5.99
Organic Unfiltered Apple Juice,$5.49
Lentils,$0.99
Pearled Couscous,$1.99
Miso Instant Ramen Soup,$1.89
100% Red Tart Cherry Juice,$4.99
Sliced Shiitake Mushrooms,$3.49
Handheld Chicken Pot Pies,$4.49
GoMacro® Timeless Treasure Salted Caramel + Chocolate Chips,$2.69
Soft Pretzel Twists,$3.49
Cheesy Bagels,$3.49
Sandwich Rolls,$3.49
70% Peruvian Cacao Dark Chocolate Bar,$2.99
Casone Toscana Vermentino 2023,$7.99
Charles Shaw Pinot Grigio,$3.49
Charles Shaw White Zinfandel,$3.49
Charles Shaw Shiraz,$3.49
Charles Shaw Sauvignon Blanc,$3.49
Charles Shaw Red Blend,$3.49
Corvelia Cabernet Sauvignon,$9.99
Yangnyeom Sauce,$3.99
Shishito Peppers,$2.99
Teeny Tiny Tomatoes,$1.99
Homestyle Angus Beef Meatballs,$9.99
Double Cream Brie,$4.49
Artichoke Bottoms,$2.99
Crispy Chicken Chips Dog Treats,$4.99
Spindrift Island Punch Sparkling Water,$7.49
Sweet Ripe Plantains,$2.49
Organic Turmeric Twist Cold Pressed Juice Blend,$4.99
Kramer Farms Cage Free Hard-Boiled Eggs,$3.49
Miso Ginger Broth,$2.49
Maître Pierre Tarte d' Alsace,$5.49
Chicken Shu Mai,$3.99
French Vanilla Ground Coffee,$8.99
Plain Pizza Dough,$1.49
Charles Shaw Cabernet Sauvignon,$3.49
Chocolate & Peanut Butter Lover's Nut Mix,$5.49
Honey Roasted Macadamia Nuts & Cashews,$4.99
Elevated Nut Mix,$5.99
Vegetable Dumplings,$3.99
Teriyaki Mushroom Mini Bao Buns,$4.99
Dark Chocolate Covered Caramels,$5.49
Beef New York Strip Steak,$14.99
Beef Filet Mignon Steak,$21.99
European Grains & Seeds Bread,$3.49
Gluten Free Oatmeal Coconut Cookies,$4.99
Teensy Candy Bars,$2.99
Medium Green Ripe Pitted Olives,$2.49
Organic Concord Grape Jelly,$3.49
"Reusable Bag, Cheese Adventures",$3.99
Henri Laffard Grand Reserve Brut Champagne,$24.99
Strawberry Hold the Cone! Mini Ice Cream Cones,$3.99
Chicken Mole,$6.99
Organic Sri Lankan Curry & Rice,$3.99
Crispy Potato & Poblano Pepper Tacos,$4.99
Spicy Chicken Nuggets,$3.99
Sliced Bresaola Uncured Beef Prosciutto,$6.99
Hot Honey Mustard Dressing,$3.99
Cookies & Crème Pretzel Slims,$3.49
Wild Nova Style Smoked Sockeye Salmon,$13.99
Organic Super Bread,$3.99
Shredded Pepper Jack Cheese Blend,$3.99
Beef & Sweet Potato Recipe Stuffies Dog Treats,$4.79
Sensitivity + Whitening Peppermint Fluoride Toothpaste,$3.99
Peppermint Fluoride Free Toothpaste,$3.99
Sweet Mustard Dill Sauce,$1.99
Almond Creek Almond Flavored Sparkling Wine,$6.99
La Burgondie Cremant De Bourgogne Rose Brut,$11.99
Organic Grass Fed Top Sirloin Steak,$8.99
Organic Grass Fed Tenderloin Steak,$24.99
Organic Grass Fed NY Strip Steak Boneless,$13.99
Organic Grass Fed Ribeye Steak Boneless,$14.99
Caesar Salad Dip,$3.69
Everything But The Bartender Cosmopolitan,$9.99
Lemon Stuffed Olives,$2.99
Whipt™ Plant Based Dairy Free Whipped Coconut,$3.99
La Colombe® Vanilla Cold Brew Draft Latte,$2.99
Turkey Harvest Salad,$5.99
Bully Chewers,$3.99
Body Wash & Serum Duo,$12.99
Mini Mushroom Tartelettes,$5.49
Garlic Gondolas,$3.99
Chao Tôm,$5.49
Italian Confetti Almonds,$4.49
Super Happy Cabernet Sauvignon Sangiovese & Malbec,$9.99
Chocolate Chip Poffertjes,$3.99
Manchego Cheese,$14.99
Cotswold Double Gloucester Cheese,$10.99
Strained Thick & Creamy Greek Yogurt Plain,$5.49
Reusable Silcone Food Storage Bag Half Gallon,$5.99
Vanilla & Cream Yogurt,$2.69
Raspberries & Cream Yogurt,$2.69
Meyer Lemon & Cream Yogurt,$2.69
Blueberries & Cream Yogurt,$2.69
Cherry Tomatoes on the Vine,$4.99
Jumbo Pomegranate,$2.99
Seasonal Bouquet,$7.99
Petite Bouquet,$3.99
Hot Chocolate Stirring Spoon,$1.29
Espresso Martini,$9.99
Pink Lady Apple Chips,$2.29
Sweet Tea Beverage,$4.99
Black Tea Unsweetened Beverage,$4.99
Pizza Ranch Salad Kit,$3.99
Hair Oil,$5.99
Spicy Farfalle Pasta with Italian Chicken Sausage,$3.49
White Queso Dip,$3.99
Very Berry Granola,$3.99
Dinner Rolls,$2.99
Solid White Albacore Tuna in Water Sea Salt Added,$1.99
Solid White Albacore Tuna in Water No Salt Added,$1.99
Sweet Chili Sauce,$1.79
Organic Virgin Coconut Oil,$4.99
Butter with Brown Sugar & Maple Syrup,$2.99
Vanilla Cardamom Cold Brew Coffee,$5.99
Teriyaki Chicken Bowl,$4.79
Organic Sparkling Rosé Tea Beverage,$1.99
Organic Non-Dairy Coconut Beverage Unsweetened,$2.99
Organic Non-Dairy Rice Beverage,$2.49
Roti with Thai Red Curry,$4.29
Organic Roasted Herbal Tea,$3.99
Sourdough Boules,$2.99
Rainbow's End Trail Mix Bars,$4.99
Mushroom Risotto,$3.99
Organic Tuscan Kale,$2.79
Fully Cooked Uncured Bacon,$6.99
Sea Salt Chocolate Chunk Cookies,$4.99
Gluten Free Chocolate Chunk Cookies,$4.99
Halloween Decorated Peanut Butter Flavor Dog Treats,$4.49
Cinnamon Sugar Cashews,$5.99
Leave in Conditioner,$5.99
"Thick, Bold & Spicy Red Sauce",$3.99
Enchilada Sauce,$4.49
Thai Style Peanut Dressing,$3.99
Coffee Panna Cotta,$3.49
Red Leicester Cheese,$4.99
Gluten Free Baguette,$4.99
Wheat Crisp Crackers,$2.49
Organic Coconut Crunchy Clusters,$2.99
Hoisin Sauce,$1.99
Chile Lime Flavored Fried Pork Rinds,$2.49
Mum Fleurettes,$4.99
Assorted Mum Plants,$7.99
Sugar Bee® Apples,$4.49
Autumn Felted Wool Garland,$9.99
Bourbon Vanilla Beans,$2.99
Almond Paste,$3.99
Double Fold Alcohol Free Bourbon Vanilla Flavoring,$7.99
Chile Seasoned Dried Mango,$1.99
Dark Chocolate Chips No Sugar Added,$3.99
Barebells Pumpkin Spice Protein Bar,$2.29
La Colombe Triple Cold Brew Latte,$2.99
La Colombe Double Cold Brew Latte with Oatmilk,$2.99
GT's Synergy Living in Gratitude Raw Kombucha,$3.49
La Colombe Pumpkin Spice Cold Brew Latte,$2.99
Organic Pasture Raised Large Brown Eggs,$6.99
Delicata Squash,$1.49
Organic Maple Butter,$5.49
Pumpkin & Spice Snickerdoodle Cookie Mix,$3.99
Chicken Uncured Bacon Ranch Dip,$4.99
Sweet Chili Mango Complete Salad Kit,$3.99
Spaghetti Squash,$2.99
Sugar Bee® Apple,$1.29
Harvest Brunch Dog Treats,$3.49
Pumpkin Ultra Moisturizing Hand Cream,$4.99
Vanilla Pumpkin Scented Hand Soap,$3.99
10 Minute Farro,$1.99
Savory Squash Pastry Bites,$5.49
All Butter Apple Shortbread Cookies,$3.79
Pumpkin Spice Cold Brew Coffee Concentrate,$9.99
Caramelized Onion Goat's Milk Cheese,$2.99
White Stilton Cheese with Apple & Pear,$12.99
Pumpkin Loaf,$4.99
Fall Leaf Corn Tortilla Chips,$3.99
Susumaniello Ruggero di Bardo,$9.99
Langhe Nebbiolo Rosa dell Olmo 2021,$8.99
Caretaker Pinot Noir 2022,$9.99
Loudenotte Pinot Noir 2022,$7.99
Moon X Pinot Noir,$6.99
Crunchy Pops,$2.49
Sweet Potato Habanero Hot Sauce,$2.99
Pizza Sauce,$1.99
Gluten Free Cheese Pizza,$5.49
Freeze Dried Tart Cherries,$3.99
Dark Chocolate Ganache Mini Sheet Cake,$5.49
Chantilly Cream Vanilla Bean Mini Sheet Cake,$5.49
Pound Plus Milk Chocolate Bar,$7.99
Pound Plus Milk Chocolate Bar with Almonds,$7.99
Pound Plus 72% Cacao Dark Chocolate,$8.99
Tejava Original Black Tea,$2.49
Chile Crackers,$2.99
Black Beans,$0.99
Unexpected Cheddar Cheese & Turkey Sausage Egg White Bites,$3.79
Sliced Seedy Multigrain Bread,$3.49
Brioche Style Liège Waffles,$3.99
Ranch Seasoned Cashews,$3.99
Everything but the Kitchen Sink Cookie Mix,$4.49
Spicy Squiggly Knife Cut Noodles,$4.99
Gluten Free Chocolate Chip Cookies,$4.99
Milk Chocolate Covered Gummy Bears,$3.99
Something Spritzy Pineapple & Orange,$1.99
Turkey Chili with Beans,$2.69
Ponzu Sauce,$3.99
Crunchy Chili Onion Sprinkle Seasoning Blend,$1.99
Mocha Latte Pretzels,$2.99
Gluten Free Blueberry Muffins,$5.99
Kumato Brown Tomatoes,$3.99
Speculoos Cookie Butter Beer,$3.75
Motif Cabernet Sauvignon Red Hills Lake County,$5.49
Yellow Squash,$2.49
Organic Silver Dollar Pancakes,$3.49
Tikka Masala Curry Sauce,$2.29
Pita Chips,$2.49
Cacay Oil Body Butter,$6.99
Italian Whole Peeled Tomatoes with Basil Leaf,$2.99
Dark Chocolate Dipped French Butter Cookies,$2.99
Simply Amazing Soft Dried Apricots,$4.79
Vanilla Bean Whole Milk Greek Yogurt,$5.49
Carrot Mini Sheet Cake,$5.99
Cracker Assortment,$3.99
Pumpkin Butter,$2.99
Caesar Salad with White Chicken Meat,$4.99
Flour Tortillas,$2.49
Meyer Lemon Cookie Thins,$4.49
Ginger Shrimp Lo Mein,$5.99
GT's Guava Paloma Agua de Kefir,$3.99
Chocolate Brooklyn Babka,$5.99
Hyaluronic Moisture Boost Serum,$8.99
Roasted Corn,$2.79
Carb Savvy Tortillas made with Whole Wheat,$3.49
Organic Energy Juice Shot,$1.99
Sliced Black Truffle Monterey Jack Cheese,$4.99
Organic Apple Cinnamon Fruit Sauce Crushers,$2.99
Organic Peanut Butter & Cocoa Crunch,$3.49
Uncured Beef Hot Dogs,$3.99
California Roll,$5.99
Vegetable Roll,$5.99
Crispy Jalapeño Pieces,$2.99
Organic Beets,$1.79
Super Soft Bath Tissue,$3.99
Kosher Dill Pickles,$2.99
French Market Sparkling Pink Lemonade,$3.99
French Market Sparkling Lemonade,$3.99
Green Olive Flats Italian Lingue Crackers,$2.99
"Angus Chuck, Brisket & Sirloin Beef Patties",$11.99
Peanut Butter with Honey,$2.99
Organic Mango Vinaigrette Dressing,$3.99
Spinach & Ricotta Raviolini,$3.49
Steamed Vegetable Soup Dumplings,$3.49
Bubble Waffles,$4.49
Dark Chocolate Covered Pistachios,$4.49
Cheddar Macaroni & Cheese,$0.99
Panzerotti Pizza Bites,$3.99
Pad See Ew,$3.79
Pulled Chicken Salsa Verde,$8.99
Bacon & Eggs Shaped Sweet Gummy Candies,$1.99
Fresh Mozzarella Cheese Snackers,$3.99
Double Chocolate Wafer Cookies,$3.49
Mango Cream Bars,$3.49
Crispy Battered Calamari,$5.49
Caramelized Onion & Bell Pepper Turkey Patties,$6.99
Norwegian Sourdough Rye Chips,$3.29
Avocado Oil,$7.99
String Cheese,$3.99
Organic Chocolate Chip Baked Whole Grain Bar,$4.69
Organic Iced Oatmeal Baked Whole Grain Bar,$4.69
Mini Shrimp Bao,$4.99
Seafood Boil,$9.99
Slow Roasted Tomatoes,$3.99
Spicy Tempura Seaweed Snack,$3.29
Aperito Spritz,$6.99
Key Lime Tea Cookies,$4.79
Ciabatta Baguette,$1.99
Ciabatta Demi-Baguette,$1.29
Pronto! Amaro Aperitivo,$9.99
Grecian Style Eggplant with Tomatoes & Onions,$2.99
Organic Freezer Pops,$3.49
Hydrating Biocellulose Face Mask,$2.99
Strawberries & Crème Pancake & Waffle Mix,$1.99
Everything but the Bagel Cheddar Cheese,$4.99
Strawberry Yogurt Flavored Coated Almonds,$3.99
Beef Rib Eye Steak,$15.99
Vignobles Lacheteau Touraine Sauvignon Blanc,$6.99
Coconut Chickpea Curry,$2.49
Chickpea Fusilli Pasta,$2.99
Salsa Verde Chicken Enchiladas,$4.99
Japanese Soufflé Cheesecakes,$3.49
Perfect Bar ® Peanut Butter Protein Bar,$2.49
Perfect Bar® Dark Chocolate Chip Peanut Butter Protein Bar,$2.49
Prosciutto Wrapped Fresh Mozzarella Cheese,$4.99
Classic Greek Salad,$3.49
Caesar Salad with Salmon,$6.99
"Gluten Free 
Pizza Dough",$3.99
Jumeokbap,$4.99
Shrimp Scampi,$8.99
Calamari Pieces in Olive Oil,$3.99
Everything But The Bartender Classic Lime Margarita,$9.99
Kimbap,$3.99
Organic Uncured Grass Fed Beef Hot Dogs,$5.99
Dark Chocolate Coffee Buzz Bar,$2.29
Dry Roasted & Salted Almonds,$5.99
Shredded 3 Cheese Blend,$4.29
Fresh Cut Pineapple Chunks,$3.99
Organic English Cucumber,$2.49
Grilled Chili Lime Chicken Breast,$7.99
Freeze Dried Raspberries,$3.99
Milk Chocolate Covered Honeycomb Candy,$3.99
Soy Sauce Reduced Sodium,$3.99
Sliced Roast Beef,$6.99
Sliced Applewood Smoked Uncured Ham,$4.99
Joe's Dark Ground Coffee,$6.99
"""This Strawberry Walks into a Bar"" Cereal Bars",$2.49
Raspberry Lime Sparkling Water,$0.99
Nothing But Sweet Potato Dog Treats,$4.99
Savory Squares,$3.99
Stir Fry Veggie Blend,$3.49
Organic 100% Sicilian Lemon Juice,$3.29
Sonora Style Flour Tortillas,$2.99
Small Curd Cottage Cheese,$4.49
Sous Vide Turkey Breast Tenderloins,$8.99
Sous Vide Chicken Thighs,$8.99
High Protein Organic Tofu,$2.79
Organic Tricolor Quinoa,$3.49
Gourmet Jelly Beans,$2.79
Crunchy Peanut Butter Unsalted,$2.49
Creamy Peanut Butter Unsalted,$2.49
Lime Sparkling Water,$0.99
Mandarin Orange Sparkling Water,$0.99
Organic Couscous,$1.79
Mini Chocolate Chip Croissant Swirls,$3.99
Brown Butter Salted Caramel Mini Biscotti,$5.49
Apricot Mango Greek Whole Milk Yogurt,$0.99
Japanese Style Fried Rice,$3.99
Breaded Mozzarella Cheese Sticks,$5.49
Korean Style Beef Short Ribs,$14.99
Premium Calla Lily,$10.99
Premium Monstera,$12.99
Plain Sparkling Water,$0.99
Lemon Sparkling Water,$0.99
Grapefruit Sparkling Water,$0.99
Cranberry Clementine Sparkling Water,$0.99
Hydrolyzed Collagen Powder,$7.99
All Purpose Disinfectant Cleaner,$3.99
Hot & Spicy Chicken Wings,$6.99
White Cheddar Popcorn,$1.99
Honey Roasted Peanuts,$3.49
Guava Passion Fruit Greek Whole Milk Yogurt,$0.99
Ginger Lemon Probiotic Sparkling Beverage,$1.99
Tangerine Probiotic Sparkling Beverage,$1.99
Organic Strawberry Lemonade,$3.99
Chiles Rellenos con Queso,$5.99
Cowboy Caviar Salsa,$3.49
Roasted & Salted Rosemary Marcona Almonds,$5.99
Papas Rellenas,$4.99
Glaze,$2.99
Sliced Uncured Pepperoni,$3.99
Unscented Deodorant,$4.99
Spicy Meat Pizza,$5.99
Dark Chocolate Covered Mini Pretzels,$4.29
Milk Chocolate Covered Mini Pretzels,$4.29
Hold The Cone Tips,$3.99
Fair Trade Organic Bolivian Blend,$8.99
Chocolate Hold the Cone! Mini Ice Cream Cones,$3.99
Lavender Hand Sanitizer Spray,$1.99
4 Almond Croissants,$5.99
4 Chocolate Croissants,$5.99
Vegetable Bird's Nests,$3.99
Steamed Chicken Soup Dumplings,$3.49
Organic Roasted Vegetable Pizza,$4.99
Wild Caught Cod Fillets,$10.99
Joe's Os Cereal Bars,$2.99
Brookie Caramel Candy Clusters,$3.99
Glazed Chocolate Donut Holes,$3.49
Organic Non-Dairy Soy Beverage Unsweetened,$2.29
World's Puffiest Sour Cream & Onion Corn Puffs,$2.69
Piquant Popcorn,$2.99
Vanilla Lip Mask,$5.99
Spaghetti Carbonara,$4.49
Organic Garlic Bread,$3.99
Yellow Cling Peach Halves,$4.79
Reduced Guilt Spinach & Kale Greek Yogurt Dip,$4.49
Black Peppercorns with Grinder,$2.49
Mini Mochi Rice Nuggets,$1.99
Dolmas,$3.49
French Vanilla Ice Cream,$4.79
Finely Shredded Lite Mexican Style Cheese Blend,$3.99
Colossal Olives Stuffed with Garlic Cloves,$4.49
Crunchy Peanut Butter Salted,$2.49
The Dark Chocolate Lover's Chocolate Bar,$2.49
Brownie Truffle Baking Mix,$3.99
Peppermint Multi-Purpose Castile Soap,$5.99
To The Power of Seven Red Organic Juice Beverage,$4.99
Valentine Sprinkle,$1.99
Thai Peanut Satay Sauce,$2.29
Egg Salad,$4.99
Snickerdoodle Cookies,$4.99
Chocolate Cheesecake Bites,$4.99
Lime Flavored Sparkling Water,$3.79
Black Cherry Vanilla Sparkling Water,$3.79
Prosecco,$8.99
Creamy Spinach & Artichoke Dip,$3.79
Organic Cold Pressed Green Juice Beverage,$5.99
Dark Chocolate Covered Cherries,$6.99
Belhara Estate Malbec Single Vineyard 2021,$7.99
Aglio Olio Seasoning Blend,$2.49
Jalapeño & Cream Cheese Crispy Wontons,$4.99
Garlic Shiitake Green Beans,$2.99
Chocolate Almond Protein Smoothie Beverage,$3.49
Spring Rolls with Tofu,$5.49
Spring Rolls with Shrimp,$5.99
A Handful of Tiny Dark Chocolate Covered Pretzels,$1.29
Uncured Pastrami,$6.99
Double Cream Brie,$8.49
All Butter Shortbread Sandwich Cookies with Raspberry Filling,$2.99
Chocolate Almond Biscotti,$4.99
Chicken & Bone Broth Recipe Dog Treats,$3.99
Rosatella Pasta Sauce,$3.99
Bourbon Vanilla Bean Paste,$4.99
Baingan Bharta,$3.49
Pita Bite Crackers,$2.99
Italian Bomba Hot Pepper Sauce,$3.49
Organic Ancient Grain & Seed Bread,$3.99
Icelandic Style Skyr Lowfat Raspberry Yogurt,$1.19
Icelandic Style Skyr Lowfat Cherry Yogurt,$1.19
Icelandic Style Skyr Lowfat Vanilla Yogurt,$1.19
Chicken Meatballs,$3.99
Tarte aux Champignons,$4.79
"Shaved Parmesan, Romano & Asiago Cheeses",$3.49
Organic Brown Rice & Quinoa Fusilli Pasta,$3.49
Organic Fair Trade Shade Grown Ethiopian Coffee,$9.49
Double Cream Gouda Cheese,$9.99
Feta Cheese,$3.79
Papadums Lentil and Chickpea Crisps,$2.69
Fruits & Greens Smoothie Blend,$3.99
Slim Size Paper Towels,$3.99
Rice Vinegar,$2.49
La Burgondie Crémant de Bourgogne,$10.99
Spicy Peanutty Noodle Bowl with Chicken,$3.49
Organic Ground Black Pepper,$1.99
Sea Salt Fine Crystals,$1.99
Wild Sockeye Smoked Salmon,$7.99
Whipped Cream Cheese,$2.49
Cream Cheese,$1.99
Everything Bagels,$2.99
Plain Bagels,$2.49
Cinnamon Swirl Raisin Bagels,$2.99
Organic Darjeeling Green Tea,$4.49
Trading Post Cabernet Sauvignon of Napa Valley 2022,$19.99
Hardwood Smoked Pulled Pork,$8.99
Beef Bulgogi,$11.99
Hardwood Smoked Pulled Chicken,$8.99
Fragrance-Free Body Butter,$5.49
Meatless Breakfast Sausage Patties,$3.99
Italian Tiramisu,$5.49
Raspberry Lime Sparkling Water,$3.79
Josie's Mandarins,$3.49
Olive Fougasse,$3.49
Peppermint Flavored Baking Chips,$3.49
Family Style Meat Lasagna,$7.49
Gran Reserva Maule Valley Chile 2020,$12.99
Chicken Shawarma Bowl,$3.99
Non-Alcoholic Rosé Sparkling Tea,$8.99
Non-Alcoholic Blanc Sparkling Tea,$8.99
Organic Ground Cinnamon,$1.99
Cinnamon Sticks,$2.99
Petite Peas,$1.79
Organic Conversation Olive Trio,$3.49
Non-Dairy Cinnamon Bun Oat Creamer,$1.99
Herbes de Provence Potato Wedges,$3.99
Orgain® Vanilla Bean Organic Protein Boost Powder,$14.99
Orgain® Creamy Chocolate Fudge Organic Protein Boost Powder,$14.99
Triple Ginger Snaps,$4.79
Classic Bitters,$4.99
Organic Pumpkin,$2.49
Apple Blossoms,$2.49
Cornbread Mix,$2.99
Handcrafted Felted Wool Pumpkin,$7.99
Peanut Butter Overnight Oats,$1.99
Apple Overnight Oats,$1.99
Mashed Sweet Potatoes,$2.99
Sweetened Dried Cranberries,$1.99
1000 Day Gouda Cheese,$12.99
Ciabatta Rolls,$1.99
Shredded Mozzarella Cheese,$4.49
Roasted Hatch Chile & Jalapeño Cheese Dip,$4.99
Kung Pao Brussels Sprouts,$5.99
Super Chocolatey Chocolate Chunk Cookie Dough,$5.29
Premium Chunk White Chicken,$3.99
Mirepoix,$3.49
Chicken Breakfast Sausage Patties,$2.99
Super Chocolatey Gluten Free Chocolate Chunk Cookie Dough,$5.49
Whole Kernel Corn,$0.99
Organic Heavy Whipping Cream,$4.99
Cinnamon Whisk,$1.29
Cinnamon Broom,$4.99
Chicken Noodle Soup,$2.99
Garlic & Black Pepper Almonds,$4.99
Woodlands Scented Candle,$3.99
Avocado Ranch Salad Kit,$3.99
Honey Hydration Day & Night Cream Duo,$7.99
Wicked Good Mini Chocolate Bars,$5.99
Spinach & Feta Egg White Burrito,$4.49
Halloween Gummies,$4.99
Guacasalsa,$3.99
"Coconut Water, 1L",$3.29
Butternut Squash and Caramelized Onion Tart,$9.99
Teeny Tiny Apple Pies,$5.49
Double Chocolate Croissants,$5.99
Organic Red Butter Lettuce,$2.49
Garlic & Asiago Cheese Dip,$4.99
Super Nutty Oat Clusters Cereal,$4.99
Kosher Dill Pickle Chips,$4.49
Sun-Dried Tomato & Basil Chicken Tenders,$7.49
Savory Herbed Chicken Thighs,$6.99
Reusable Sponge Cloths,$3.99
Sesame Miso Salad with Salmon,$6.99
Green Goddess Salad,$5.99
Organic Raw Apple Cider Vinegar,$2.49
Organic Hearty Vegetable Broth,$1.99
Organic Coconut Milk,$1.89
Chocolate Hazelnut Ground Coffee,$7.49
Gluten Free Tagliatelle Pasta,$2.49
Organic Plain Cream Cheese Spread,$3.49
Lil' Tiger Stripe Pumpkin,$1.49
"Gluten Free 
Egg Fettuccine Pasta",$3.99
Orzo Italian Pasta,$0.99
Roasted Garlic Marinara Sauce,$1.99
Fall Harvest Salsa,$3.49
Maple Spiced Nut Mix,$6.49
Petite Pumpkin Spice Cookies,$4.49
Pumpkin Brioche Twist,$4.99
Dearly Beloved I Thee Red,$7.99
Green Apple Sparkling Water,$3.79
Honey Crisp Apple Cinnamon Greek Yogurt,$0.99
Fall Fantasy Pumpkin,$8.99
Orange Pumpkin,$4.99
Pumpkin Joe-Joe's Cookies,$2.99
Pumpkin Recipe Dog Treats,$4.29
Double Fold Bourbon Vanilla Extract,$7.99
Butternut Squash Italian Lasagna,$4.79
Apple Cinnamon Buns,$4.49
Almond Chipotle Dip,$3.49
Cut Butternut Squash,$3.99
Pumpkin Body Scrub,$6.99
Pumpkin Body Butter,$4.99
Sour Cream,$2.79
Pumpkin Pie Spice,$2.99
Organic Cane Sugar,$3.99
Ground Turkey,$4.49
Mini Maple Flavored Marshmallows,$2.99
Lobster Bisque,$4.99
Gluten Free Pumpkin Ravioli,$4.49
Crunchy Chili Onion Hummus,$3.99
Honeycrisp Apple Granola,$3.99
The Gourd Tree Pumpkin Cider,$9.99
Trader Joe's Spiced Cider,$4.49
Organic Marinara Sauce,$3.49
Pumpkin O's Cereal,$2.99
Mushroom & Black Truffle Flatbread,$5.49
Chai Tea Mints,$1.99
Grilled Pitted Green Olives,$3.99
Peanut Butter Chocolate Granola,$3.99
Broccoli & Cheddar Cheese Quiche,$2.99
Chocolate Vanilla Creme Joe-Joe's,$2.99
Waffle Weave Cotton Kitchen Towels,$7.99
Lemongrass Moisturizing Shampoo,$4.99
Lemongrass Moisturizing Conditioner,$4.99
Sourdough Sandwich Bread,$3.49
Nutritional Yeast,$3.49
Jumbo Yellow Onions,$0.99
Seedless Watermelon,$5.99
Cantaloupe,$3.49
Sri Lankan Organic Mango Chutney,$2.99
Charles Shaw Merlot,$3.49
Charles Shaw Chardonnay,$3.49
Tiniest Chocolate Chip Cookies,$3.99
Little Gem Lettuce,$3.49
Nectarines,$3.99
Reserve Pinot Noir Santa Barbara County 2022,$9.99
Organic Romaine & Chicory Blend,$2.49
Organic Free Range Boneless Skinless Thin Sliced Chicken Breast Fillets,$7.99
Organic Dried Ataulfo Mango Slices,$4.99
Organic Assam Black Tea,$4.49
Italian Sparkling Mineral Water,$1.99
Henry Hotspur's Hard Pressed for Cider,$7.99
Big Churn Chardonnay California,$6.99
Romaine Hearts,$2.99
Dairy-Free Mozzarella Style Shreds,$3.99
Dairy-Free Cheddar Style Slices,$3.99
Root Beer Float Bars,$3.49
S'Mores Bars,$4.99
Organic Kosher Sandwich Pickles,$3.99
Orange Peach Mango Juice,$3.49
Hand & Body Cream with Moroccan Argan Oil,$3.99
Whole Wheat English Muffins,$1.99
Yellow Peaches,$3.99
Fresh Figs,$4.99
Red and Green Grapes Duo,$6.49
Cut and Peeled Carrots,$1.69
Sriracha Sauce,$3.99
Gluten Free Multigrain Bread,$4.99
Pesto Chicken Breast,$8.99
Tiny Fruity Cuties Cereal,$3.99
Grilled Chicken Strips,$8.99
Cranberry Clementine Sparkling Water,$3.79
Raw Almond Butter Creamy No Salt,$6.99
Crunchy Almond Butter Salted,$6.49
Creamy Almond Butter No Salt,$6.49
Creamy Almond Butter Salted,$6.49
Crunchy Almond Butter No Salt,$6.49
Sliced Muenster Cheese,$4.49
Soyaki,$3.99
Traditional Tunisian Harissa,$2.99
Organic Herb Salad Mix,$2.49
Pure Grade A Maple Syrup,$4.99
Organic Vermont Maple Syrup,$4.99
Sweet & Spicy Pecans,$4.99
Burrata,$4.99
Dairy Free Shredded Spicy Mexican Style Blend Cheese Alternative,$3.99
Old Fashioned,$19.99
Extra Lean Ground Beef 96% Lean / 4% Fat,$8.99
Ghost Pepper Potato Chips,$3.49
Thai Vegetable Gyoza,$4.79
Crumbled Feta,$3.29
Oat Chocolate Bars with Crispy Rice & Cocoa Nibs,$2.29
Trio of Soft Licorice Twists,$2.49
Ground Beef 80% lean /20% fat,$6.49
Organic Midnight Moo Chocolate Syrup,$3.99
Gluten Free Madeleine Cookies,$3.49
Mini Cheeseburgers,$4.49
"Here, Kitty Kitty! Cat Treats",$2.99
BREAD CINNAMON RAISIN SLICED,$4.99
Passion Fruit Rounds,$2.99
Asian Style Vegetables with Stir Fry Sauce,$3.99
Steel Cut Oatmeal,$2.29
Carolina Gold Barbeque Sauce,$2.99
Mediterranean Hummus Snack Pack with Pita Chips,$2.99
PB&C Snack Duo,$4.29
Chunky Garlic & Jalapeño Hot Sauce,$3.99
Greek Nonfat Yogurt Plain,$5.49
Greek Nonfat Yogurt Plain,$2.99
Greek Whole Milk Yogurt Plain,$2.99
Dutch Yellow Baby Potatoes,$3.79
Snacky Clusters,$4.49
Fresh Mozzarella Pearls,$4.49
Whole Grain Waffles,$2.69
Speculoos Cookies,$2.29
Non-Dairy Oat Beverage Unsweetened Vanilla,$3.99
Roasted Red Pepper Hummus,$3.49
Matcha Green Tea Latte Mix,$4.99
Thai Sweet Ginger Sauce,$2.49
Tomato Basil Marinara Sauce,$1.99
Shrimp Boom Bah,$8.99
"Dark Chocolate Bark with Almond, Pretzel & Sea Salt",$5.99
Speculoos Cookie Butter,$3.99
Speculoos Cookie Butter Ice Cream,$4.99
Milk Chocolate Bar with Corn Flakes,$3.29
Gluten Free Strawberry Muffins,$5.99
Breaded Cheddar Cheese Curds,$4.99
Mini (Almost) Everything Bagel Sandwich Crackers,$3.49
Brazil Nut Body Wash,$5.99
Organic Baby Spinach,$1.99
Organic Red Lentil Sedanini,$2.99
Italian Tomato & Burrata Ravioloni,$3.99
Spicy Honey Sauce,$4.99
Josephsbrau Hefeweizen,$5.99
Tuatea Marlborough New Zealand Sauvignon Blanc,$5.99
Organic Jalapeño Limeade,$2.79
Milk Chocolate Peanut Butter Cups,$5.99
Old Fashioned Blister Peanuts,$2.99
Organic Powdered Cane Sugar,$3.29
Organic Pure Bourbon Vanilla Extract,$9.99
Blondie Bar Baking Mix,$3.99
Organic Buttery Plant-Based Spread,$3.69
Buttermilk Ranch Dressing,$3.99
Premium Extra Virgin Olive Oil,$12.49
Pico de Gallo Salsa Mild,$2.99
Unbleached Enriched All-Purpose Flour,$2.99
Raw Milk Cave Aged Le Gruyère,$16.99
Sweet Plantain Chips,$2.49
Organic Blue Corn Tortilla Chips,$3.99
Crunchy Curls,$2.99
Jicama Sticks,$3.49
Flakes & Strawberries Cereal,$2.99
Chicken Tikka Masala,$4.49
Soft & Juicy Mango,$2.49
Organic Creamy Peanut Butter Salted Valencia,$4.49
Strawberry Preserves made with Fresh Strawberries,$3.99
Aioli Garlic Mustard Sauce,$2.79
"Phalaenopsis Orchid, Assorted Colors",$14.99
Organic Free Range Chicken Broth,$1.99
Green Tea Blueberry & Pomegranate Unsweetened Beverage,$2.29
Green Tea Unsweetened Beverage,$2.29
Chocolatey Coated Chocolate Chip Cookie Dunkers,$6.99
Vegetable Spring Rolls,$4.49
Chicken Spring Rolls,$4.49
Traditional Style Fat Free Refried Beans,$1.19
Sliced Sharp Cheddar Cheese,$4.79
Riced Hearts of Palm,$3.49
Organic Mayonnaise,$3.79
Bruschetta Sauce,$2.99
Organic Tri-Color Bell Peppers,$4.99
Jasmine Rice From Thailand,$3.29
"Extra Virgin Olive Oil, Liter",$10.99
Slightly Coated Dark Chocolate Almonds,$5.49
Roasted Garlic & Pesto Pizza with Deep Fried Crust,$6.49
Calabrian Chili Spicy Pasta Sauce,$4.99
Vin De Bordeaux B by Fonbadet Bordeaux 2019,$7.99
Joe Medium Roast Ground Coffee,$6.99
Cruciferous Crunch Collection,$2.79
Cape Gooseberries,$3.49
Fresh Atlantic Salmon Boneless Skinless Fillet,$12.99
Fresh Atlantic Salmon Boneless Fillet,$9.99
Toscano Cheese with Black Pepper,$11.99
Organic Garlic Naan Crackers,$3.49
Organic Dried Mango Unsulfured & Unsweetened,$4.99
Sunflower Seed Spread,$5.49
Kung Pao Chicken,$5.99
Salmon Rub Seasoning Blend,$2.69
Organic Hot Cocoa Mix,$4.29
Traditional Whole Milk Ricotta Cheese,$3.99
Uncured Turkey Bacon,$3.99
Shade Grown Espresso Blend,$9.99
Pappardelle Pasta,$2.49
Organic Riced Cauliflower,$2.29
Unsweetened Organic Açaí  Puree Packets,$3.99
Garlic Spread Dip,$3.69
Squiggly Knife Cut Style Noodles,$4.99
Butter Chicken with Basmati Rice,$4.49
Chili & Lime Flavored Rolled Corn Tortilla Chips,$2.99
Italian-Style Wedding Soup,$4.99
Organic Biscuits,$4.29
Supreme Hydrating Eye Cream,$5.99
Organic Brown Rice Cake Thins,$2.49
White Miso Paste,$2.99
Fire Roasted Red Peppers,$2.99
Seasoned Corn Ribs,$3.99
4 Cheese Ravioli,$3.29
Decaffeinated Black Tea,$2.99
Sweet Picanté Peppers,$4.99
Thai Wheat Noodles,$2.49
Brewed Ginger Beer,$4.49
Organic Apricot Preserves,$4.29
Organic Roasted Red Pepper and Almond Pesto Sauce,$3.99
Organic Crescent Rolls,$3.99
Decaf Joe Medium Roast Ground Coffee,$8.99
Cecilia Beretta Prosecco,$9.99
Sweet Italian Chicken Sausage,$6.49
Opaline Pinot Noir Brut Rosé,$9.99
Sparkling Apple Cider,$3.49
Habanero Hot Sauce,$2.99
Cold Brew Gingerbread Oat Latte,$0.99
Organic Jumbo Cinnamon Rolls,$4.99
Extra Fine French Green Beans,$2.49
"Seasonal Bouquet, Large",$14.99
Pastry Bites Feta Cheese & Caramelized Onions,$5.49
"Red Pepper, Cranberry & Walnut Dip",$3.99
Mashed Potatoes,$4.49
Korean Beefless Bulgogi,$4.99
100% Orange Juice No Pulp,$4.99
Spanish Style Rice,$3.99
Chicken Gyoza Potstickers,$3.99
Gnocchi,$1.99
Creamy Toscano Cheese Dusted with Cinnamon,$11.99
Sea Salt Crystals,$1.99
Organic Bread Crumbs,$2.99
Organic Brussels Sprouts,$3.69
Organic Super Sweet Cut Corn,$2.29
Shiitake Mushrooms,$2.99
Multi-Floral & Clover Honey,$3.99
Organic Toasted Sesame Oil,$3.49
Organic Firm Tofu,$1.89
Organic Carrots of Many Colors,$1.99
Green Onions,$1.29
Imported Olive Oil Packed in Italy,$9.99
Pasture Raised Large Brown Eggs,$5.99
Unexpected Cheddar Cheese Spread,$4.99
Grande Succulent Skulls,$9.99
Harvest Blend Herbal Tea,$2.49
Semi-Sweet Chocolate Chunks,$4.29
Gluten Free Breaded Shrimp,$9.99
Pumpkin Spiced Joe-Joe's Sandwich Cookies,$4.49
Salted Maple Ice Cream,$3.79
Gluten Free Pumpkin Streusel Muffins,$5.99
Roasted Turkey & Sweet Potato Burrito,$4.79
Organic Mini Sweet Peppers,$3.99
Cinnamon Roll Blondie Bar Baking Mix,$3.99
Pumpkin Cheesecake Croissants,$4.99
Apple Cider Donuts,$4.99
Pumpkin Overnight Oats,$1.99
Honey O's Cereal,$2.69
Joe's Os Cereal,$1.99
Honeycrisp Apple Scented Candle,$3.99
Just The Clusters Maple Pecan Granola Cereal,$3.79
Gochujang Paste,$1.99
Pretzel Slims,$2.49
To the Power of C Organic Juice Blend,$4.49
Mascarpone,$3.99
Lemon Curd,$3.99
Sliced Prosciutto,$4.29
Sriracha Flavored Baked Tofu,$3.99
Shawarma Chicken Thighs,$6.99
Vanilla Almond Spiced Chai Protein Smoothie,$3.49
Uncured Dry Rubbed Sliced Bacon,$5.99
Baby Shanghai Bok Choy,$2.99
General Tsao Stir Fry Sauce,$3.49
Plain Whole Milk Greek Yogurt,$0.99
Nonfat Plain Greek Yogurt,$0.99
Vegetable Biryani with Vegetable Dumplings,$2.99
Russet Potatoes,$0.99
Brazil Nut Body Scrub,$5.99
Organic Hickory Smoked Turkey Breast,$5.99
Corn and Chile Tomato-less Salsa,$3.49
Dill-icious Chopped Salad Kit,$3.99
Garlic & Jalapeño Stuffed Olives,$3.99
Mini Chocolate Chip Cookies,$0.99
Freeze-Dried Just Chicken for Pets,$5.99
Cinnamon Coffee Cake,$5.99
Espiral Vinho Verde,$4.99
Rebuttel Chardonnay,$6.99
Colombia Supremo Coffee,$15.99
Gluten Free White Sandwich Bread,$4.99
Sugar Snap Peas,$2.99
Hot Italian Sausage made with Pork,$6.49
Sweet Italian Sausage made with Pork,$6.49
Mango 100% Juice Smoothie,$2.99
Homestyle Salsa Especial Mild,$2.99
Mango Jicama Slaw,$5.49
"Cheese, Spinach & Kale Egg Bites",$3.79
Cheddar Cheese & Uncured Bacon Egg Bites,$3.79
Oven-Baked Cheese Bites,$2.99
Eggplant Garlic Spread,$3.29
Gluten Free Joe-Joe's Chocolate Vanilla Creme Cookies,$4.49
Dry Roasted & Salted Pistachios,$6.99
Strawberry Yogurt O's,$3.99
Chile Lime Seasoning Blend,$2.29
Thai Style Yellow Curry Sauce,$3.49
Organic Vegetarian Chili,$2.49
Mint Chip Ice Cream,$4.99
Cheese & Green Chile Tamales,$3.79
Sweet Potato Fries,$2.49
Pizza Parlanno,$5.49
Chicken Cilantro Mini Wontons,$3.49
Unexpected Cheddar Chicken Sausage,$4.49
Coffee Bean Blast Ice Cream,$4.99
Organic Dark Chocolate Bar with Almonds,$2.69
Organic Dark Chocolate Bar 73% Cacao,$2.69
Daily Facial Sunscreen SPF 40,$8.99
Sliced Provolone Cheese,$4.99
Crumbled Goat Cheese,$2.99
Organic Red Bell Peppers,$3.99
Portabella Mushrooms,$3.49
Organic Baby Lettuce Mix,$2.49
Organic Arugula,$2.29
Fig Butter,$2.99
"Vegan Kale, Cashew & Basil Pesto",$3.99
Cashew Butter Cashews,$4.99
Seasoned Waffle Cut Fries,$3.79
Organic Chicken Nuggets,$4.99
Corn on the Cob,$0.69
Super Sweet Fresh Corn,$4.49
Broccoli & Kale Slaw,$3.29
BBQ Cut Fresh Atlantic Salmon Fillets,$11.99
Shea Butter & Coconut Oil Hair Mask,$3.99
Fully Cooked Pork Belly,$6.99
Brookie,$4.99
Brazil Nut Body Butter,$5.99
French Fizz Le Rosé 2021,$7.99
French Fizz Le Blanc 2021,$7.99
Ube Tea Cookies,$4.49
Josephine Cabernet Sauvignon 2020,$5.99
Truffle Aioli,$3.99
Dill Pickle Mini Falafel,$4.29
Peanut Butter Caramel Coated Popcorn,$3.79
Beef Birria,$7.99
Dill Pickle Mustard,$1.99
Brioche Hot Dog Buns,$3.49
Brioche Buns,$3.99
Sea Salt Brownie Bites,$2.99
BBQ & Black Pepper Toscano Chopped Salad,$3.49
Pineapple,$2.99
Mangos,$1.99
Quinoa and Black Bean infused Tortilla Chips,$3.49
Campari Tomatoes,$3.79
Organic Persian Cucumbers,$2.99
Organic Shredded Green & Red Cabbage with Carrots,$2.49
Sweet Apple Chicken Sausage,$4.29
Gluten Free Cheese Ravioli,$4.49
Simpler Times Lager 12pk,$7.99
Ground Beef Patties 80/20,$7.49
Pollo Asado Autentico,$8.49
Organic Chicken Grill Pack,$3.99
Lemon Chicken & Arugula Salad,$4.99
Cheeseburger Burrito,$4.49
Spicy Jalapeño Chicken Sausage,$4.29
Vegan Spinach & Cashew Ravioli,$3.99
Fancy Cheese Crunchies,$3.99
Organic Strawberries 1 Lb,$4.99
Strawberries 2 Lb,$6.99
Strawberries 1 Lb,$3.99
Gluten Free Double Chocolate Muffins,$5.99
Sparkling White Tea with Pomegranate Juice,$3.99
Balsamic Rosemary Beef Steak Tips,$11.99
Espada Pequeña Mezcal,$20.99
Argentinian Red Shrimp with Ginger Garlic Butter,$7.99
Premium Salmon Burgers,$7.49
Non-Dairy Oat Creamer Brown Sugar Flavor,$1.99
Organic Red Wine Vinegar,$1.99
Organic Baked Tofu Teriyaki Flavor,$3.99
Chimichurri Sauce,$3.99
Organic Elote Corn Chip Dippers,$2.99
"Ranch 
Seasoning Blend",$2.99
"Peaches & Cream, Mango & Cream Yogurt Cups",$3.99
Organic Lemonade,$3.29
Hatch Chile Mac & Cheese,$3.49
Rawhide Free Peanut Butter Flavor Dog Treat,$4.79
Eucalyptus,$3.99
Organic Coconut Smoothie,$2.79
Sweet Potato,$0.99
Gone Bananas!,$2.69
Organic Apple Banana Fruit Sauce Crushers,$2.99
"Strawberries & Cream, Bananas & Cream Yogurt Cups",$3.99
Hydrangea 3-stem,$5.99
Dozen Red Roses,$10.99
Banana & Almond Butter Protein Smoothie,$3.49
Organic Bananas,$0.29
Gyro Slices,$4.69
Retinol Night Serum,$9.99
Italian Style Turkey Meatloaf,$8.99
Egg Frittata,$3.49
Steamed Lentils,$3.29
Tteok Bok Ki,$3.99
Oat Chocolate Bars,$2.29
Egg Wraps,$4.69
Everything but the Bagel Seasoned Crackers,$2.99
Jalapeño Sauce,$3.49
Organic Low Calorie Pink Lemonade,$3.29
Organic Low Calorie Lemonade,$3.29
Sour Cream & Onion Flavored Rings,$1.99
Taco Seasoning Mix,$0.99
Wild Arugula,$2.29
Organic Tomato Paste,$0.99
Organic Kidney Beans,$1.19
50% Less Salt Roasted & Salted Peanuts,$2.99
Organic 3 Grain Tempeh,$2.49
Thai Style Red Curry Sauce,$3.49
All Natural Fresh Mozzarella Cheese,$3.99
Battered Fish Nuggets,$5.99
Organic Diced & Fire Roasted Tomatoes with Green Chiles,$1.99
All Natural Ground Chicken,$4.49
Cinna-Dragons Gummy Candy,$2.29
Rosemary Croissant Croutons,$3.99
Multi-Purpose Cleaner Cedarwood & Sage,$3.99
Liquid Dish Soap Lavender Tea Tree Scent,$3.29
Freeze Dried Strawberries,$2.99
Gluten Free Almost Everything Bagels,$4.99
Finely Shredded Mexican Style Cheese Blend,$3.99
Vegetable Fried Rice,$2.99
Blueberry Muffin Mix,$4.49
Jumbo Pitted Greek Kalamata Olives,$2.99
Organic Balsamic Vinegar,$5.99
Sesame Teriyaki Beef Skirt Steak,$16.99
Oat Non-Dairy Frozen Dessert Sandwiches,$3.99
Cacio e Pepe Ravioli,$3.99
Organic Tomato & Roasted Red Pepper Soup,$3.49
Ultra Moisturizing Hand Cream,$4.99
Liquid Dish Soap Citrus Scent,$3.29
Liquid Laundry Detergent Lavender Scent,$10.99
Maison Barboulot Cabernet Syrah,$5.99
Giardino Pinot Grigio Rosé Vivace,$4.99
Dark Chocolate Almond Butter Pretzel Nuggets,$4.49
Creamy Salted Peanut Butter,$2.49
Premium Milk & Dark Chocolate Covered Almonds,$7.99
Cocoa Truffles,$4.49
Pretzel Sticks,$2.49
Marinated Artichokes On The Go,$1.29
Root Vegetable Fries,$3.99
Organic Fusilli Corti Bucati Pasta,$1.99
Quattro Formaggi,$5.49
Uncured Apple Smoked Bacon,$6.49
Organic No Joke Ginger Juice Shot,$1.99
Organic Mighty Turmeric Juice Shot,$1.99
Cranberry & Herb Supplement Drops,$1.49
Honey Lemon Cough Drops,$1.49
Organic Moroccan Mint Green Tea,$2.99
Organic Ginger Turmeric Herbal Tea,$2.99
Organic Joe Medium Roast Ground Coffee,$8.49
Boatswain Hazy IPA,$5.99
Greek Yogurt with Honey,$5.49
Small Curd Cottage Cheese,$2.99
Organic Petite Potato Medley,$3.49
Ready Veggies,$2.99
Organic Ground Beef 85/15,$8.99
Organic Free Range Boneless Skinless Chicken Breasts,$7.49
Tomato Feta Soup,$4.79
Kettle Cooked Chicken Soup,$4.99
Spinach Tortellini,$3.29
Vanilla Overnight Oats,$1.99
All Natural Fully Cooked Maple Chicken Breakfast Sausage,$4.69
Almond Butter Filled Pretzel Nuggets,$4.49
Organic Unsweetened Almond Beverage,$1.99
Organic Papperdelle Pasta Nests,$3.49
Kitchari,$2.49
Chocolate Lava Cakes,$3.99
Eggwich Breadless Breakfast Sandwich,$5.49
Quinoa Cowboy Veggie Burgers,$3.99
Black Bean & Cheese Taquitos,$4.49
Maple Leaf Cookies,$3.99
"Organic Creamy Cashew Cultured Yogurt Alternative, Plain Unsweetened",$4.99
Impossible™ Chicken Nuggets,$6.99
Organic Shelled Hemp Seeds,$6.49
Vegan Creamy Dill Dressing,$3.99
Organic Lentil Vegetable Soup,$2.49
Organic Chunky Homestyle Guacamole,$4.49
Mediterranean Style Hummus,$4.29
Organic Garbanzo Beans,$1.19
Rolled Oats,$3.99
Gluten Free Organic Rolled Oats with Ancient Grains & Seeds,$4.99
BBQ Teriyaki Chicken,$5.99
100% Colombian Instant Coffee,$5.99
A Dozen Macarons variés,$5.99
Unsalted Dry Toasted Slivered Almonds,$3.49
Green Goddess Salad Dressing,$3.99
Greek Chickpeas with Cumin and Parsley,$2.49
Organic White Quinoa,$3.49
Organic Roasted Seaweed with Sea Salt,$3.99
Wild Raw Argentinian Red Shrimp,$11.99
Everything But The Bagel Seasoned Smoked Salmon,$5.99
Hashbrowns,$2.99
Crunchy Chili Onion,$4.49
Organic Cacio e Pepe Puffs,$2.49
Gluten Free Cinnamon Coffee Cake Muffins,$5.99
Italian Fusilli,$0.99
Organic Shredded Kale,$3.99
Cara Cara Navel Oranges,$5.99
Spanish Manzanilla Olives with Pimento Paste,$2.99
Southwest Style Chicken Quesadillas,$4.49
Semi-Sweet Chocolate Chips,$3.99
Gluten Free Pumpkin Spice Bagels,$4.99
Pumpkin Bagels,$2.99
Cinnamon Graham Crackers,$4.79
Grand Reserve Pinot Noir Carneros Lot 23,$12.99
Stepping It Up Spicy Snack Bar Mix,$5.99
Step Up to the Snack Bar Mix,$5.99
Candied Pecans,$4.99
New York Deli Style Cheesecake,$7.99
Ground Fermented Black Garlic,$2.99
Organic Dried & Pitted Deglet Noor Dates,$2.99
Graham Cracker Squares,$3.49
"Butter Quarters, Unsalted",$3.99
"Butter Quarters, Salted",$3.99
Organic Gold Potatoes,$3.99
Harvest Apple Salad Kit,$3.99
Four Cheese Scalloped Potatoes,$5.99
Peri Peri Sauce,$3.49
Organic Naan Crackers,$3.49
All Butter Puff Pastry Sheets,$5.49
Holiday Vegetable Hash,$4.99
Fleur de Sel Caramel Sauce,$3.99
Whole Grain Dijon Mustard,$1.99
Dijon Mustard,$1.99
Bananas,$0.23
Pie Crusts,$4.49
Italian Capellini,$0.99
Italian Linguine,$0.99
Spaghetti,$0.99
Italian Farfalle,$1.29
"Italian 

Penne Rigate",$0.99
Hearts of Palm Pasta,$3.49
Villa Antica Asolo Prosecco DOCG Superiore,$8.99
Sour Jelly Beans,$2.79
Baby Corn,$2.49
Maple & Sea Salt Kettle Corn,$2.99
Butternut Squash Mac & Cheese,$3.79
Vanilla Pumpkin Scented Candle,$3.99
Green Goddess Seasoning Blend,$2.99
Spooky Bats & Cats Sour Gummy Candies,$3.79
Pumpkin Blondie Brownies,$4.99
Raclette Sliced Cheese,$6.99
Mini Spicy Pumpkin Samosas,$4.49
Pumpkin Spiced Teeny Tiny Pretzels,$3.49
Japchae Korean Glass Noodles & Vegetable Stir Fry,$3.49
Honey Roasted Pumpkin Ravioli,$3.99
Caramel Sea Salt Baking Chips,$3.49
Butternut Squash Mac & Cheese Bites,$3.99
Pumpkin Maple Bacon Stuffies Dog Treats,$4.49
Apple Cider Foaming Hand Soap,$2.99
Pumpkin Spice Coffee,$9.99
Apple Juice,$4.29
Haunted House Chocolate Cookie Kit,$9.99
Pumpkin Cranberry Crisps,$3.99
Pumpkin Bisque,$5.49
Autumnal Harvest Soup,$4.99
Gluten Free Pumpkin Bread & Muffin Baking Mix,$4.49
Pumpkin Bread & Muffin Mix,$3.49
Pumpkin Cheesecake,$8.99
Pumpkin Ice Cream,$4.99
Pumpkin Butternut Squash Bisque,$4.79
Autumnal Harvest Creamy Pasta Sauce,$4.49
Greek Nonfat Pumpkin Yogurt,$0.99
Sweet Cinnamon Filled Korean Pancakes,$4.49
Coconut Body Butter,$5.99
Holiday Round Challah,$3.99
Maple Pecan Clusters Cereal,$4.79
Spatchcocked Lemon Rosemary Chicken,$5.99
Spicy Uncured Charcuterie Collection,$8.99
Les Petites Carrots of Many Colors,$4.29
Murasaki Sweet Potatoes,$4.99
Honeycrisp Apples,$1.29
Italian Style Meatballs,$5.99
Cheddar Cheese with Scotch Bonnet Chili Peppers,$9.99
Vegan Cream Cheese Alternative,$2.99
Sublime Ice Cream Sandwiches,$4.99
Dark Chocolate Peanut Butter Cups,$5.99
Organic Corn Chip Dippers,$2.79
Peanut Butter Filled Pretzel Nuggets,$2.69
Cold Brew Coffee Concentrate,$8.99
Unexpected Cheddar Cheese,$3.99
Cheddar Cheese with Caramelized Onions,$10.99
Everything But The Bagel Sesame Seasoning Blend,$1.99
Joe's Diner Mac 'n Cheese,$2.99
Cacio E Pepe Pasta Sauce,$3.79
Organic Black Beans,$1.19
Sweet Baby Thompson Seedless Grapes,$2.99
Shredded Parmesan Cheese Alternative,$3.99
Chevre Goat Cheese,$2.99
Oven Toasted Old Fashioned Organic Oats,$2.99
Shelled Edamame,$3.99
Southwestern Chopped Salad Kit,$3.49
Gluten Free English Muffins,$4.49
Sparkling Green Tea with Pineapple,$3.99
Organic Ketchup,$2.49
Organic Yellow Mustard,$1.79
Organic Coleslaw Kit,$2.99
Hold the Dairy! Vegan Chocolate Mini Cones,$4.29
Pimento Cheese Dip,$3.99
Boatswain Double I.P.A.,$5.99
Blueberry Lemonade Sparkling Water,$3.79
Fig & Olive Crisps,$3.99
Turkey Burgers,$3.79
Everything And the Elote Greek Style Yogurt Dip,$3.79
Organic Fair Trade Wake Up Blend Ground Coffee,$8.99
Organic Fair Trade Wake Up Blend Coffee,$17.99
White Sliced Bread,$1.99
Vegan Banana Bread with Walnuts,$5.49
Whole Wheat Sliced Bread,$2.49
Matcha Green Tea Powder,$7.99
Watermelon Lemonade Sparkling Water,$3.79
Cold Pressed Pineapple Juice,$2.99
Spicy Mango Lemonade,$3.29
Vegan Enchilada Casserole,$5.99
Cheddar & Gruyere Mèlange Cheese,$7.99
Shredded Lite Mozzarella Cheese,$3.99
Chocolate & Peanut Butter Joe-Joe's,$3.99
Watermelon Cucumber Cooler,$3.49
Raw Almonds,$4.99
Lemon Bars,$4.99
Sweet Mini Peppers,$3.49
Fresh Squeezed Limeade,$3.49
Cocoa Almond Spread,$4.49
Organic Free Range Chicken Drumsticks,$2.99
Choice Premium Angus Beef Flank Steak,$14.99
Salsa Autentica,$2.29
Non-Dairy Oat Beverage,$3.99
Plumcots™,$3.69
Fig Cookies,$2.49
Refresh Citrus Body Wash,$2.99
Lemongrass Coconut Body Oil,$3.99
Marula Facial Oil,$6.99
Candy Coated Chocolates,$3.29
Candy Coated Chocolate Peanuts,$3.29
Belgian Butter Waffle Cookies,$2.99
Sunscreen Spray SPF 50+,$5.99
Organic Sriracha & Roasted Garlic BBQ Sauce,$3.49
Ridge Cut Potato Chips with Sea Salt,$3.99
White Rum of the Gods,$7.99
Kentucky Best Straight Bourbon Whiskey,$13.99
Organic Canola Oil Spray,$2.99
TX Vodka,$9.99
Picton Bay Sauvignon Blanc,$7.99
Mini French Baguettes,$4.49
Madras Lentils,$2.49
Sicilian Selezione Extra Virgin Olive Oil,$10.99
Giant Baked Beans in Tomato Sauce,$1.99
Organic Basmati Rice,$3.99
Tandoori Naan,$2.99
Organic French Baguette,$1.99
Italian Truffle Cheese,$13.99
New Zealand Sharp Cheddar Cheese,$6.99
Villa Cerrina Montepulciano D'Abruzzo,$5.99
Thai Lime & Chili Cashews,$8.49
Organic Italian Artisan Gigli Pasta,$2.99
Spicy Thai Shrimp Fried Rice,$5.99
Tikka Vegetables,$2.49
Vegetable Pad Thai,$3.49
Greek Spanakopita,$4.49
Cultured Salted Butter,$4.99
Saint André Triple Crème Brie,$13.99
Yellow Tadka Dal,$2.49
La Ferme Julien Rosé,$6.99
Mango Tangerine Scented Candle,$3.99
Ube Mochi Pancake & Waffle Mix,$3.99
Marshmallows,$2.99
Mini Asst Succulents in Terra Cotta,$3.29
Chocolate Chip Hold the Cone! Mini Ice Cream Cones,$3.99
Branzino Fillets European Sea Bass,$11.99
Tangerine Cream Bars,$3.49
"Love, Olivia Peach Wine",$3.99
Banana Bread Mix,$2.99
Grain Free Dog Treats with Peanut Butter & Banana,$2.99
Madeleine Cookies,$2.99
Gluten Free Hamburger Buns,$4.99
Organic Pitted Medjool Dates,$5.99
Persian Cucumbers,$2.49
Single Origin Organic Coconut Water,$2.29
Fresh Squeezed Lemonade,$3.99
Vegan Tzatziki Dip,$4.29
Lemony Arugula Basil Salad Kit,$3.99
Carne Asada Autentica,$11.99
Parmesan Pastry Pups,$4.99
All Natural Bone-In Skin-On Chicken Thighs,$1.99
Tequila Blanco,$19.99
Sauerkraut with Pickled Persian Cucumbers,$4.49
Everything But the Bagel Nut Duo,$4.49
Chips in a Pickle,$2.99
Grainless Granola,$4.69
Organic Sweet Italian Chicken Sausage,$5.99
Organic Oven Roasted Turkey Breast,$5.99
Bamba Peanut Snacks,$1.99
Buffalo Style Chicken Poppers,$5.49
Mediterranean Style Orzo Pasta Salad,$4.99
Soft Black Licorice Twists,$2.99
Soft Strawberry Licorice Twists,$2.99
Five Seed Almond Bars,$5.49
Garlic Indian Style Flatbread,$3.99
Traditional Indian Style Flatbread,$3.99
Soy Chorizo,$2.99
100% Mango Juice from Carabao Mangoes,$3.99
Bolognese Style Tomato & Beef Pasta Sauce,$4.49
Honey Moon Viognier,$5.99
Organic Unbleached All-Purpose Flour,$5.49
Grated Parmesan Cheese,$2.99
Super Lemon Room Spritz,$1.99
Chocolate Covered Wafer Cookie with Peanut Butter Filling,$1.09
Organic Sparkling Ginger + Lemon Apple Cider Vinegar Beverage,$1.99
Organic Sparkling Lemon + Strawberry Apple Cider Vinegar Beverage,$1.99
Sparkling Black Tea with Peach Juice Beverage,$3.99
Carne Asada Burritos,$5.99
Chile Spiced Pineapple,$3.99
Organic Blood Orange Rooibos Herbal Tea Blend,$2.99
Sesame Crusted Hardwood Smoked Ahi Tuna,$6.99
TJ's Mushroom & Company Multipurpose Umami Seasoning Blend,$2.99
Small Batch Vodka,$9.99
Shredded Pizza Seasoned Toscano Cheese,$4.49
Garden Vegetable Soup,$3.99
Potato Pancakes,$3.69
Chocolate Covered Wafer Cookie,$1.09
Quiche Lorraine,$5.99
Brownie Crisp Coffee Ice Cream Sandwiches,$4.79
Organic Carrot Turmeric Juice Blend,$4.79
Organic Caesar Salad Kit,$4.99
Focaccia Bread with Roasted Tomato & Parmesan,$4.99
"Unsweetened Almond, Cashew & Macadamia Nut Beverage",$2.49
Organic Mediterranean Style Salad Kit,$3.99
Chocolate Chip Pain Au Lait,$3.99
Joe Light Roast Ground Coffee,$7.49
Spiced Chai Black Tea Concentrate,$2.99
Pepita Salsa,$3.49
Organic Shredded 3 Cheese Blend,$4.49
Onion & Chive Cream Cheese Spread,$2.29
PB & J Snack Duo,$4.29
Wild Skipjack Tuna,$1.79
Joe's Decaf Coffee Cups,$5.99
Sliced New Zealand Organic Cheddar,$4.99
Matcha Green Tea,$1.29
Golden Oolong Tea,$1.69
Israeli Feta,$7.99
Sparkling Coconut Water with Yuzu,$3.99
Mexican-Style Riced Cauliflower,$3.99
Magnifisauce!,$3.49
Mac and Cheese Bites,$3.99
Absolutely Acerola Juice Shot,$1.99
Bulgogi Beef Fried Rice With Kimchi,$5.49
Liquid Laundry Detergent Free & Clear,$6.49
Trail Mix Crackers,$2.99
8 Mini Croissants,$5.99
Super Sour Scandinavian Swimmers,$3.79
Buffalo Chicken Dip,$4.99
Garlic & Onion Pistachios,$6.99
Chewy Chocolate & Peanut Butter Protein Bars,$3.69
Peanut Udon Noodle Salad,$4.99
Organic Thick & Chunky Salsa,$3.29
Dark Chocolate Sunflower Seed Butter Cups,$1.59
Jerk-Style Plantain Chips,$1.99
Sea Salted Saddle Potato Crisps,$1.99
Plantain Crisps,$2.79
Ready To Drink Cold Brew Coffee,$5.49
Organic Earl Grey Tea,$2.99
Cheese Filled Fiocchetti with Pink Sauce,$4.79
Reusable Lavender Dryer Bags,$4.49
Organic Freeze-Dried Berry Medley,$3.99
Blueberry Muffins,$4.99
Boatswain American I.P.A.,$5.99
Salame di Parma Mild Salami,$5.99
Zhoug Sauce,$3.49
Onion Salt,$1.99
ABC Bars,$3.69
World's Puffiest White Cheddar Corn Puffs,$2.69
Crunchy Cinnamon Squares,$2.99
Riced Cauliflower Stir Fry,$3.99
Just a Handful of Rainbow's End Trail Mix,$5.49
Smoked Paprika,$2.49
Teeny Tiny Avocados 6 Count,$3.99
Dry Shampoo,$5.99
Almond Ginger Scent Oatmeal Exfoliant Bar,$3.99
Extra Hot Habanero Ghost Pepper Salsa,$3.49
Gluten Free Norwegian Crispbread,$4.29
Gluten Free Mac & Cheese,$3.99
Part Skim Ricotta Cheese,$3.99
Cauliflower Gnocchi,$3.29
Chicken Sausage Breakfast Burrito,$4.49
Chicken Burrito Bowl,$3.49
Organic Coconut Aminos Seasoning Sauce,$2.99
Organic Spicy Taco Sauce,$2.49
Organic Hearty Minestrone Soup,$4.99
Riced Cauliflower Bowl,$3.99
Olive & Herbs Mixed Nuts,$4.99
Shea Butter & Coconut Oil Hair Serum,$4.99
Scandinavian Swimmers,$3.79
Organic Kansas City Style BBQ Sauce,$2.99
Organic Toasted Sesame Dressing,$3.99
Dark Chocolate Orange Sticks,$3.99
Chevre with Honey,$3.29
Organic Stone Ground Yellow Corn Taco Shells,$2.69
Everything But The Elote Seasoning Blend,$1.99
Cuban Style Citrusy Garlic Seasoning Blend,$2.29
Vegan Caesar Dressing,$3.99
Organic Cold Brew Black Tea Concentrate,$4.99
Chicken-less Mandarin Orange Morsels,$3.99
Everything But The Bagel Seasoned Potato Chips,$2.99
Shredded Unexpected Cheddar Cheese,$4.99
Cheese Party Tray,$5.99
Classic English Muffins,$1.99
Ultra Hydrating Gel Moisturizer,$8.99
Seltzer Water flavored with Lemon and Ginger Juice,$3.29
Outside-In Stuffed Gnocchi,$3.69
Cuban Style Citrus Garlic Bowl,$3.99
Peanut and Crispy Noodle Salad Kit,$3.99
Avocado Spray Oil,$3.99
Twisted Cookie Sticks,$2.29
Plantain Chips,$1.99
Non-Dairy Oat Beverage,$2.99
Sparkling Strawberry Juice,$3.99
Honey Walnut Shrimp,$6.99
Nori Komi Furikake Japanese Multi-Purpose Seasoning,$2.99
Mini Vegetable Samosas,$3.99
Chocolate Milk made with Fair Trade Cocoa,$4.49
Sweet Pull Apart Aloha Rolls,$3.49
Rose Water Facial Toner,$3.99
Chile & Garlic Cashews,$4.49
Pop-Up Sponges,$8.49
Gone Berry Crazy!,$2.99
Steamed Pork & Ginger Soup Dumplings,$3.49
Organic Açai Bowl,$3.99
